Pesquisar,Custo,Cliques,Impressões,Conversões
casa para alugar em gramado,"R$ 49,36",94,746,"0,00"
casa para alugar em canela,"R$ 55,51",106,681,"0,00"
casas para alugar em gramado,"R$ 36,03",72,570,"0,00"
casas para alugar em canela,"R$ 38,50",79,402,"0,00"
casa para alugar em canela rs,"R$ 31,84",71,385,"0,00"
casa para alugar gramado,"R$ 24,63",48,346,"0,00"
apartamento para alugar em gramado,"R$ 17,21",28,316,"0,00"
casas para alugar em gramado para morar,"R$ 18,46",36,277,"0,00"
aluguel em gramado,"R$ 17,34",31,275,"0,00"
imobiliária canela,"R$ 18,14",26,272,"0,00"
aluguel gramado,"R$ 14,72",33,265,"0,00"
casa para alugar canela,"R$ 19,65",40,264,"0,00"
imobiliária gramado,"R$ 26,04",28,248,"0,00"
casas para alugar em canela rs,"R$ 18,47",35,241,"0,00"
imobiliária gramado aluguel,"R$ 26,85",34,214,"0,00"
apartamento para alugar em canela,"R$ 12,51",26,213,"0,00"
casa alugar gramado,"R$ 10,59",24,202,"0,00"
casas para alugar gramado,"R$ 17,12",29,187,"0,00"
imobiliária canela aluguel,"R$ 10,65",22,170,"0,00"
aluguel de casa em gramado,"R$ 11,39",25,168,"0,00"
aluguel casa gramado,"R$ 10,00",20,167,"0,00"
casas para alugar em gramado barato,"R$ 11,82",25,158,"0,00"
apartamento para alugar gramado,"R$ 10,13",16,156,"0,00"
casa em gramado,"R$ 8,44",15,152,"0,00"
apartamentos para alugar em canela,"R$ 2,92",7,151,"0,00"
imobiliaria gramado,"R$ 13,60",19,151,"0,00"
imobiliária em canela,"R$ 5,23",11,150,"0,00"
casa a venda em gramado,"R$ 10,14",16,144,"0,00"
realiza imoveis canela,"R$ 3,22",8,144,"0,00"
casas a venda em canela rs,"R$ 6,82",14,140,"0,00"
aluguel de casa em canela rs,"R$ 15,05",37,139,"0,00"
aluguel apartamento gramado,"R$ 2,81",7,134,"0,00"
apartamento para alugar canela,"R$ 6,12",14,131,"0,00"
casas para alugar em gramado rs direto com o proprietário olx,"R$ 6,52",15,131,"0,00"
imobiliaria em gramado,"R$ 12,29",15,130,"0,00"
terrenos a venda em canela rs,"R$ 11,33",25,127,"0,00"
apartamentos para alugar em gramado,"R$ 6,28",12,122,"0,00"
imobiliaria canela,"R$ 17,84",11,120,"0,00"
casas para alugar em canela rs direto com o proprietário olx,"R$ 5,55",14,115,"0,00"
terreno a venda em canela rs,"R$ 10,38",21,114,"0,00"
casa a venda em canela rs,"R$ 7,92",16,109,"0,00"
imobiliaria em canela,"R$ 6,63",12,105,"0,00"
quanto custa uma casa em gramado,"R$ 3,95",7,103,"0,00"
apartamento para alugar em gramado mobiliado,"R$ 7,19",8,101,"0,00"
casas baratas à venda em canela rs,"R$ 2,64",5,101,"0,00"
casas a venda em gramado,"R$ 11,85",14,100,"0,00"
imobiliária em gramado,"R$ 3,48",6,99,"0,00"
imobiliarias em canela rs,"R$ 3,42",4,98,"0,00"
casa para alugar canela rs,"R$ 5,67",12,96,"0,00"
casa aluguel gramado,"R$ 3,76",7,93,"0,00"
alugar casa em gramado,"R$ 2,88",5,92,"0,00"
imobiliária sp canela,"R$ 4,29",6,91,"0,00"
casas para alugar em gramado rs,"R$ 8,55",18,90,"0,00"
apartamento em gramado,"R$ 6,10",9,89,"0,00"
casa para alugar em gramado rs,"R$ 7,37",15,89,"0,00"
casas em gramado,"R$ 8,67",9,89,"0,00"
imobiliarias em gramado,"R$ 9,31",6,89,"0,00"
casa em gramado para alugar,"R$ 6,23",10,88,"0,00"
casas baratas à venda em gramado rs,"R$ 6,83",13,88,"0,00"
casas para alugar mensal em canela rs,"R$ 5,20",10,88,"0,00"
casa para alugar em gramado rio grande do sul,"R$ 6,45",12,87,"0,00"
aluguel de casa em canela,"R$ 4,97",12,86,"0,00"
imobiliárias em canela aluguel,"R$ 17,61",14,86,"0,00"
apartamentos em canela para alugar,"R$ 4,15",9,85,"0,00"
aluguel casa canela,"R$ 6,80",14,83,"0,00"
casas para alugar em canela direto com proprietário,"R$ 4,89",9,83,"0,00"
casa alugar canela,"R$ 2,87",6,82,"0,00"
casa aluguel canela,"R$ 6,38",13,76,"0,00"
casas para alugar canela,"R$ 8,46",16,75,"0,00"
aluguel de apartamento em gramado,"R$ 4,24",7,74,"0,00"
casas em gramado aluguel,"R$ 4,07",7,72,"0,00"
aluguel de casa gramado,"R$ 3,64",8,70,"0,00"
casa alugar canela rs,"R$ 1,78",4,70,"0,00"
aluguel apartamento canela,"R$ 3,15",7,69,"0,00"
apartamento para alugar em canela rs,"R$ 2,98",6,68,"0,00"
imobiliária rossi canela,"R$ 2,10",2,68,"0,00"
terreno em gramado,"R$ 5,91",12,68,"0,00"
casa para alugar gramado rs,"R$ 1,30",3,67,"0,00"
imobiliária gramado aluguel anual,"R$ 6,00",11,67,"0,00"
aluguel de casas em gramado,"R$ 4,05",8,66,"0,00"
imobiliária canela rs,"R$ 3,80",8,66,"0,00"
imobiliária em gramado e canela aluguel,"R$ 10,67",12,66,"0,00"
sp imobiliária canela,"R$ 2,78",5,66,"0,00"
imobiliárias em gramado,"R$ 26,80",7,65,"0,00"
terrenos em canela,"R$ 11,40",20,65,"0,00"
terreno gramado,"R$ 6,63",12,63,"0,00"
casa em canela rs,"R$ 4,85",11,62,"0,00"
imobiliária serra e lar,"R$ 6,28",13,61,"0,00"
serra prime gramado,"R$ 0,96",2,61,"0,00"
imobiliária em canela rs,"R$ 6,63",7,58,"0,00"
apartamento para alugar em canela rs direto com o proprietário,"R$ 2,93",5,57,"0,00"
terreno em canela,"R$ 5,60",10,56,"0,00"
aluguel casa em gramado,"R$ 4,62",10,55,"0,00"
aluguel em gramado para morar,"R$ 5,69",10,55,"0,00"
apartamentos para alugar em canela rs,"R$ 3,71",9,55,"0,00"
casas para alugar canela rs,"R$ 2,69",6,54,"0,00"
casas para alugar em gramado mobiliada,"R$ 4,75",10,54,"0,00"
apartamento em gramado para alugar,"R$ 2,87",3,53,"0,00"
apartamentos gramado aluguel,"R$ 1,98",3,53,"0,00"
casa em canela para alugar,"R$ 4,00",8,53,"0,00"
