Palavra,Custo,Cliques,Impressões,Conversões,Principais consultas com a palavra
em,"R$ 681,44",1.215,9.194,"0,00","(casa para alugar em gramado, casa para alugar em canela, casas para alugar em gramado)"
gramado,"R$ 548,59",906,7.565,"0,00","(casa para alugar em gramado, casas para alugar em gramado, casa para alugar gramado)"
alugar,"R$ 496,15",975,7.381,"0,00","(casa para alugar em gramado, casa para alugar em canela, casas para alugar em gramado)"
para,"R$ 483,72",946,6.990,"0,00","(casa para alugar em gramado, casa para alugar em canela, casas para alugar em gramado)"
canela,"R$ 450,66",845,6.236,"0,00","(casa para alugar em canela, casas para alugar em canela, casa para alugar em canela rs)"
casa,"R$ 332,04",669,4.855,"0,00","(casa para alugar em gramado, casa para alugar em canela, casa para alugar em canela rs)"
casas,"R$ 231,94",444,3.181,"0,00","(casas para alugar em gramado, casas para alugar em canela, casas para alugar em gramado para morar)"
rs,"R$ 184,24",384,2.708,"0,00","(casa para alugar em canela rs, casas para alugar em canela rs, casas a venda em canela rs)"
aluguel,"R$ 196,42",352,2.603,"0,00","(aluguel em gramado, aluguel gramado, imobiliária gramado aluguel)"
imobiliária,"R$ 132,93",191,1.696,"0,00","(imobiliária canela, imobiliária gramado, imobiliária gramado aluguel)"
apartamento,"R$ 78,24",136,1.461,"0,00","(apartamento para alugar em gramado, apartamento para alugar em canela, apartamento para alugar gramado)"
venda em,"R$ 67,91",124,923,"0,00","(casa a venda em gramado, casas a venda em canela rs, terrenos a venda em canela rs)"
a em,"R$ 58,43",106,734,"0,00","(casa a venda em gramado, casas a venda em canela rs, terrenos a venda em canela rs)"
aluguel de,"R$ 43,34",97,603,"0,00","(aluguel de casa em gramado, aluguel de casa em canela rs, aluguel de casa em canela)"
imobiliaria,"R$ 50,36",57,506,"0,00","(imobiliaria gramado, imobiliaria em gramado, imobiliaria canela)"
apartamentos,"R$ 19,03",40,466,"0,00","(apartamentos para alugar em canela, apartamentos para alugar em gramado, apartamentos em canela para alugar)"
proprietário,"R$ 19,90",43,386,"0,00","(casas para alugar em gramado rs direto com o proprietário olx, casas para alugar em canela rs direto com o proprietário olx, casas para alugar em canela direto com proprietário)"
direto com,"R$ 19,90",43,386,"0,00","(casas para alugar em gramado rs direto com o proprietário olx, casas para alugar em canela rs direto com o proprietário olx, casas para alugar em canela direto com proprietário)"
para morar,"R$ 24,15",46,332,"0,00","(casas para alugar em gramado para morar, aluguel em gramado para morar)"
o com,"R$ 15,01",34,303,"0,00","(casas para alugar em gramado rs direto com o proprietário olx, casas para alugar em canela rs direto com o proprietário olx, apartamento para alugar em canela rs direto com o proprietário)"
terreno,"R$ 28,53",55,301,"0,00","(terreno a venda em canela rs, terreno em gramado, terreno gramado)"
olx,"R$ 12,07",29,246,"0,00","(casas para alugar em gramado rs direto com o proprietário olx, casas para alugar em canela rs direto com o proprietário olx)"
terrenos,"R$ 22,73",45,192,"0,00","(terrenos a venda em canela rs, terrenos em canela)"
casas baratas,"R$ 9,47",18,189,"0,00","(casas baratas à venda em canela rs, casas baratas à venda em gramado rs)"
à venda,"R$ 9,47",18,189,"0,00","(casas baratas à venda em canela rs, casas baratas à venda em gramado rs)"
imobiliarias em,"R$ 12,73",10,187,"0,00","(imobiliarias em canela rs, imobiliarias em gramado)"
barato,"R$ 11,82",25,158,"0,00",(casas para alugar em gramado barato)
sp,"R$ 7,07",11,157,"0,00","(imobiliária sp canela, sp imobiliária canela)"
imobiliárias em,"R$ 44,41",21,151,"0,00","(imobiliárias em canela aluguel, imobiliárias em gramado)"
realiza,"R$ 3,22",8,144,"0,00",(realiza imoveis canela)
imoveis,"R$ 3,22",8,144,"0,00",(realiza imoveis canela)
e,"R$ 16,95",25,127,"0,00","(imobiliária em gramado e canela aluguel, imobiliária serra e lar)"
serra,"R$ 7,24",15,122,"0,00","(imobiliária serra e lar, serra prime gramado)"
custa,"R$ 3,95",7,103,"0,00",(quanto custa uma casa em gramado)
uma,"R$ 3,95",7,103,"0,00",(quanto custa uma casa em gramado)
quanto,"R$ 3,95",7,103,"0,00",(quanto custa uma casa em gramado)
mobiliado,"R$ 7,19",8,101,"0,00",(apartamento para alugar em gramado mobiliado)
mensal,"R$ 5,20",10,88,"0,00",(casas para alugar mensal em canela rs)
do,"R$ 6,45",12,87,"0,00",(casa para alugar em gramado rio grande do sul)
sul,"R$ 6,45",12,87,"0,00",(casa para alugar em gramado rio grande do sul)
rio olx,"R$ 6,45",12,87,"0,00",(casa para alugar em gramado rio grande do sul)
grande,"R$ 6,45",12,87,"0,00",(casa para alugar em gramado rio grande do sul)
rossi,"R$ 2,10",2,68,"0,00",(imobiliária rossi canela)
anual,"R$ 6,00",11,67,"0,00",(imobiliária gramado aluguel anual)
lar,"R$ 6,28",13,61,"0,00",(imobiliária serra e lar)
prime,"R$ 0,96",2,61,"0,00",(serra prime gramado)
mobiliada,"R$ 4,75",10,54,"0,00",(casas para alugar em gramado mobiliada)
